{"cameraMode":{"drawMode":0,"name":"Shaded","section":"Shading Mode"},"sceneLighting":false,"audioPlay":false,"sceneViewState":{"showFog":true,"showMaterialUpdate":false,"showSkybox":false,"showFlares":true,"showImageEffects":true,"showParticleSystems":true},"in2DMode":false,"pivot":{"x":-0.06460964679718018,"y":1.0786677598953248,"z":-0.04527127742767334},"rotation":{"x":0.37907007336616518,"y":-0.009719583205878735,"z":0.003989762626588345,"w":0.925319492816925},"size":1.4839411973953248,"orthographic":false}