{"cameraMode":{"drawMode":0,"name":"Shaded","section":"Shading Mode"},"sceneLighting":false,"audioPlay":false,"sceneViewState":{"showFog":true,"showMaterialUpdate":false,"showSkybox":false,"showFlares":true,"showImageEffects":true,"showParticleSystems":true},"in2DMode":false,"pivot":{"x":-0.04210638999938965,"y":1.315967082977295,"z":0.17161953449249268},"rotation":{"x":0.26749715209007265,"y":0.3121667802333832,"z":-0.09206356853246689,"w":0.906941294670105},"size":3.0292274951934816,"orthographic":false}