{"cameraMode":{"drawMode":0,"name":"Shaded","section":"Shading Mode"},"sceneLighting":false,"audioPlay":false,"sceneViewState":{"showFog":true,"showMaterialUpdate":false,"showSkybox":false,"showFlares":true,"showImageEffects":true,"showParticleSystems":true},"in2DMode":false,"pivot":{"x":-0.11656796932220459,"y":0.2689664363861084,"z":-0.10770618915557862},"rotation":{"x":0.26749715209007265,"y":0.3121667802333832,"z":-0.09206356853246689,"w":0.906941294670105},"size":1.4533082246780396,"orthographic":false}