{"cameraMode":{"drawMode":0,"name":"Shaded","section":"Shading Mode"},"sceneLighting":false,"audioPlay":false,"sceneViewState":{"showFog":true,"showMaterialUpdate":false,"showSkybox":false,"showFlares":true,"showImageEffects":true,"showParticleSystems":true},"in2DMode":false,"pivot":{"x":0.5432953834533691,"y":4.946133613586426,"z":-3.0573267936706545},"rotation":{"x":0.2760726809501648,"y":0.3072511851787567,"z":-0.0936279371380806,"w":0.9058884978294373},"size":7.3175129890441898,"orthographic":false}