{"cameraMode":{"drawMode":0,"name":"Shaded","section":"Shading Mode"},"sceneLighting":false,"audioPlay":false,"sceneViewState":{"showFog":true,"showMaterialUpdate":false,"showSkybox":false,"showFlares":true,"showImageEffects":true,"showParticleSystems":true},"in2DMode":false,"pivot":{"x":0.0017619132995605469,"y":2.9839956760406496,"z":0.05412173271179199},"rotation":{"x":0.37907007336616518,"y":-0.009719583205878735,"z":0.003989762626588345,"w":0.925319492816925},"size":4.399978160858154,"orthographic":false}