{"cameraMode":{"drawMode":0,"name":"Shaded","section":"Shading Mode"},"sceneLighting":false,"audioPlay":false,"sceneViewState":{"showFog":true,"showMaterialUpdate":false,"showSkybox":false,"showFlares":true,"showImageEffects":true,"showParticleSystems":true},"in2DMode":false,"pivot":{"x":0.06533384323120117,"y":1.3159656524658204,"z":0.04662728309631348},"rotation":{"x":0.26749715209007265,"y":0.3121667802333832,"z":-0.09206356853246689,"w":0.906941294670105},"size":2.481174945831299,"orthographic":false}