{"cameraMode":{"drawMode":0,"name":"Shaded","section":"Shading Mode"},"sceneLighting":false,"audioPlay":false,"sceneViewState":{"showFog":true,"showMaterialUpdate":false,"showSkybox":false,"showFlares":true,"showImageEffects":true,"showParticleSystems":true},"in2DMode":false,"pivot":{"x":-0.04976767301559448,"y":1.545076847076416,"z":-1.1920928955078126e-7},"rotation":{"x":0.2760726809501648,"y":0.3072511851787567,"z":-0.0936279371380806,"w":0.9058884978294373},"size":1.973629355430603,"orthographic":false}